iter	MultiClass
0	1.384802469
1	1.382500273
